timestamp,tweet_text,username,all_hashtags,followers_count
2020-06-27 10:18:21,"b'The trend of people killing loved ones, from spouses to siblings to children is alarming in this Kenya. The @MOH_Kenya Should also consider making serious takes on psychological and mental health status and care of the population. I am to some extent #WalkingHusbands'",b'stephenjobiri',['WalkingHusbands'],3430
2020-06-27 10:16:39,b'\xe2\x9c\x85Great leather upholstery fitted for your car  We can deliver and fit anywhere within Kenya  \xe2\x98\x8e\xef\xb8\x8f0724457647   Corona Kenya  Uhuru Kenyatta  #WalkingHusbands #SenateNiYaSweetie #Railaodinga #kibaki  #CorruptLavingtonChurch https://t.co/j0dvXCzI0i',b'billsamoferro',"['WalkingHusbands', 'SenateNiYaSweetie', 'Railaodinga', 'kibaki', 'CorruptLavingtonChurch']",401
2020-06-27 10:16:09,b'#WalkingHusbands You are the best thing that ever happened to me. You have been with me in bad and good times.  Today I appreciate you my love \xf0\x9f\x98\x8d\xf0\x9f\x98\x8d\xf0\x9f\x98\x8d https://t.co/216ultoYjN',b'cherocheroj',['WalkingHusbands'],11
2020-06-27 10:14:19,b'Naskia some men come from heaven and others are #WalkingHusbands https://t.co/tmif1IKeup',b'RufehKaranja',['WalkingHusbands'],825
2020-06-27 10:13:29,b'Follow me @KenyanMutwiri I will follow you back instantly. Reply with your handle.RAILA KIbaki #WalkingHusbands #SenateNiYaSweetie #MalalaDownFall William Ruto #KibwanaRutoProject Gikomba KPLC KENYA POWER #BBINonsense #thikatownnajungle MUTUA KISUMU WAITITU IEBC KIVUTA KIBWANA',b'KenyanMutwiri',"['WalkingHusbands', 'SenateNiYaSweetie', 'MalalaDownFall', 'KibwanaRutoProject', 'BBINonsense', 'thikatownnajungle']",456
2020-06-27 10:13:03,"b'@Muthonikate1 I am a potential husband, infact I own a powerful bamboo bike. I can take you to Zanzibar! \xf0\x9f\xa4\xa3\xf0\x9f\xa4\xa3 #WalkingHusbands https://t.co/LYIqsF2dAi'",b'developer_brian',['WalkingHusbands'],57
2020-06-27 10:12:10,"b""I choose to believe things are possible, even if i don't know how they'll happen. #WalkingHusbands #SenetaNiYaSweetie""",b'MarcusOtieno5',"['WalkingHusbands', 'SenetaNiYaSweetie']",3
2020-06-27 10:09:13,"b'Be the best you can be, show up. #WalkingHusbands https://t.co/QeIXIuiZJZ'",b'itsTonito',['WalkingHusbands'],73
2020-06-27 10:08:21,b'https://t.co/3S9RWwREk9 So I did my first video this year for Youtube Remember to like and subscribe  #WalkingHusbands #kibaki #TheCorruptLavingtonChurch',b'kingingMoh',"['WalkingHusbands', 'kibaki', 'TheCorruptLavingtonChurch']",222
2020-06-27 10:07:54,"b'No man should have big buttocks, it is disgusting. You cant be competing with your woman on who has the biggest butt.\xf0\x9f\xa4\xb7\xe2\x80\x8d\xe2\x99\x82\xef\xb8\x8f If you feel offended, go fix your butt.\xf0\x9f\x98\xa4 #WalkingHusbands #SenateNiYaSweetie #Railaodinga #kibaki'",b'CescKivon',"['WalkingHusbands', 'SenateNiYaSweetie', 'Railaodinga', 'kibaki']",4404
2020-06-27 10:06:23,b'If you are a husband and not in the photo yu r a #WalkingHusbands https://t.co/Vd2ONNaaJE',b'ItsKaranjas',['WalkingHusbands'],1356
2020-06-27 10:04:21,b'Our vegetables are fresh and affordable for this season...we deliver at your doorstep...call us on 0728 848 798 #IkoKaziKE  #WalkingHusbands  #CorruptLavingtonChurch https://t.co/4gZ81QdsAb',b'Daniel54370459',"['IkoKaziKE', 'WalkingHusbands', 'CorruptLavingtonChurch']",1353
2020-06-27 10:02:51,b'KEBS Approves Five New Standards to Bolster Covid-19 Fight  https://t.co/LWPJSEyugr #SenateNiYaSweetie #COVID19KE  #WalkingHusbands  Raila Kibaki #KibwanaRutoProject  #CorruptLavingtonChurch #COVID19',b'RiroZablon',"['SenateNiYaSweetie', 'COVID19KE', 'WalkingHusbands', 'KibwanaRutoProject', 'CorruptLavingtonChurch', 'COVID19']",13560
2020-06-27 10:01:07,b'Call us on 0728848798we deliver to you these at unbelievable prices..#IkoKaziKE  #WalkingHusbands  #CorruptLavingtonChurch https://t.co/2RilLQZHRp',b'Daniel54370459',"['IkoKaziKE', 'WalkingHusbands', 'CorruptLavingtonChurch']",1353
2020-06-27 10:00:29,b'The covid 19 Crisis still continues to Shake The Markets... Learn how you can capitalize on this Pandemic. visit https://t.co/QrsSNaiUQU... #WalkingHusbands #kibaki https://t.co/MeRxjvBy73',b'TradityF',"['WalkingHusbands', 'kibaki']",3
2020-06-27 10:00:04,"b""'Good Over Evil' tees - Available at Ksh1000. Call or WhatsApp  254 (0) 700 135552   https://t.co/8SQbZzgpJa  #WalkingHusbands #KibwanaRutoProject https://t.co/1zEJeZa0qi""",b'theurbanwear',"['WalkingHusbands', 'KibwanaRutoProject']",2391
2020-06-27 09:59:58,b'#WalkingHusbands hustling for their families https://t.co/84457w0FkM',b'EmbayaJames',['WalkingHusbands'],8374
2020-06-27 09:59:20,"b""**FOLLOW or RETWEET I FOLLOW BACK ** Get HTFT matches 4-15 odds, Pay AFTER WIN ksh 500-1500 Interested? sms the word 'htft' to 0702235926 #WalkingHusbands Kibaki Raila State House Gikomba Kenya Power Hapana Sauti Sol William Ruto Daily Nation Kibwana Nairobi Kisumu https://t.co/WPEZINoqHi""",b'shazieadhiambo',['WalkingHusbands'],881
2020-06-27 09:59:04,b'We wish a quick recovery to Hon Raila Odinga. Our prayers are with you. We miss you here home.  #KibwanaRutoProject #WalkingHusbands',b'H_Mutyyambai',"['KibwanaRutoProject', 'WalkingHusbands']",314
2020-06-27 09:56:36,"b""How Secure is HiPesa App? No data is accessible by anyone else outside your phone other than yourself. Your HiPesa PIN prevents unwarranted access for those who can access your phone. #HiPesa #HiPesaApp  #ZMC #ZaidiMarvelsCompany   'Kibaki' 'Mutua' 'Kenya Power' #WalkingHusbands https://t.co/lIWPcxNkZb""",b'ZaidiMarvels',"['HiPesa', 'HiPesaApp', 'ZMC', 'ZaidiMarvelsCompany', 'WalkingHusbands']",239
2020-06-27 09:54:50,b'Where do get these #WalkingHusbands ??',b'Vero_othiambo',['WalkingHusbands'],46
2020-06-27 09:54:41,b'TAG YOUR FAVORITE MODELS #kibaki #statehouse  #WalkingHusbands https://t.co/37OKCsOrGV',b'VinnClizzLTD',"['kibaki', 'statehouse', 'WalkingHusbands']",673
2020-06-27 09:52:02,"b""How Secure is HiPesa App? No data is accessible by anyone else outside your phone other than yourself. Your HiPesa PIN prevents unwarranted access for those who can access your phone. #HiPesa #HiPesaApp #ZMC #ZaidiMarvels #ZaidiMarvelsCompany  'Sancho' #WalkingHusbands 'Gikomba' https://t.co/wmJdSHnT3G""",b'AppHipesa',"['HiPesa', 'HiPesaApp', 'ZMC', 'ZaidiMarvels', 'ZaidiMarvelsCompany', 'WalkingHusbands']",27
2020-06-27 09:50:40,b'Minorities keep crying...are they even a minority? \xf0\x9f\xa4\x94 #WalkingHusbands  #SenateNiYaSweetie https://t.co/8BGOfUc6ii',b'dwaynevictor16',"['WalkingHusbands', 'SenateNiYaSweetie']",94
2020-06-27 09:50:31,"b""#WalkingHusbands we don't have much but my heaven sent is here. I celebrate you. https://t.co/nelma1qNpX""",b'liz_kiprop',['WalkingHusbands'],1345
2020-06-27 09:49:24,b'Some love thou \xf0\x9f\x92\x9e\xf0\x9f\x92\xaf#WalkingHusbands https://t.co/SfflQwMqP5',b'pkisio90',['WalkingHusbands'],1069
2020-06-27 09:48:58,b'https://t.co/NcGycZgX11  New mix alert \xf0\x9f\x9a\xa8\xf0\x9f\x9a\xa8\xf0\x9f\x94\xa5\xf0\x9f\x99\x8f\xf0\x9f\x92\xa3\xf0\x9f\x92\xa5\xf0\x9f\x8e\xb6\xf0\x9f\x8e\xbc Fresh off the works is the new @chrisbrown mix by @DjKingDavidke . Weekends are made of this.Let us celebrate this great artist in style. #WalkingHusbands #SenateNiYaSweetie #gikomba #weekendvibes #Djkingdavidke #Chrisbrown https://t.co/DJPud9Arsh',b'DjKingDavidke',"['WalkingHusbands', 'SenateNiYaSweetie', 'gikomba', 'weekendvibes', 'Djkingdavidke', 'Chrisbrown']",12
2020-06-27 09:47:36,"b'@JunetMohamed said he is a cow &amp; blindly follow Raila,sycophants!True brilliant leader like Hon @MohaJichoPevu will stand with his people interest,not compromised,fight 4 truth &amp; justice.Junet works 4political father,Moha works 4 wananchi.#WalkingHusbands Kibaki #MalalaDownFall'",b'adesh_duba',"['WalkingHusbands', 'MalalaDownFall']",1700
2020-06-27 09:46:38,b'A quick question have you been tested?  #Statehouse  #Gikomba #WalkingHusbands https://t.co/bbcWWf9oM8',b'Jerry_Kenya',"['Statehouse', 'Gikomba', 'WalkingHusbands']",739
2020-06-27 09:45:30,b'Things in Kirinyaga will be very awkward between the MCAs and their boss. #WalkingHusbands #MalalaDownFall',b'kelvingetafix',"['WalkingHusbands', 'MalalaDownFall']",287
2020-06-27 09:45:05,"b""'Ankara pocket &amp; sleeve contrast' tees - Available at Ksh1000. Call or WhatsApp  254 (0) 700 135552   https://t.co/8SQbZzgpJa  #WalkingHusbands #KibwanaRutoProject https://t.co/60HrvthAsc""",b'theurbanwear',"['WalkingHusbands', 'KibwanaRutoProject']",2391
2020-06-27 09:42:51,b'https://t.co/ZQDOaXbG8Q COME CHECK OUT MY LIVE!! Kibaki  #WalkingHusbands  Raila #TheCorruptLavingtonChurch',b'dewreqqthatytan',"['WalkingHusbands', 'TheCorruptLavingtonChurch']",13
2020-06-27 09:42:44,b'Who will take me for this ride? #WalkingHusbands #SenateNiYaSweetie Raila Kibali https://t.co/Yhr0qW2c6R',b'ErrycarMapenzi',"['WalkingHusbands', 'SenateNiYaSweetie']",380
2020-06-27 09:41:48,b'#WalkingHusbands The beauty and the beast.... https://t.co/ftVdRf8HqA',b'Jqbizz',['WalkingHusbands'],239
2020-06-27 09:41:05,"b'When you feel like you are about to give up, know that your breakthrough is just about to happen! Hold on a little bit longer\xf0\x9f\x99\x8f. Tweeting from my personal experience!  Kibaki #WalkingHusbands #SenateNiYaSweetie  #TheCorruptLavingtonChurch'",b'DavyAgent',"['WalkingHusbands', 'SenateNiYaSweetie', 'TheCorruptLavingtonChurch']",104
2020-06-27 09:38:45,b'The same way the husband from heaven got credit for victory he had nothing to do with (Kamwana will agree with me) is the way some walking husbands get credit for pregnancy they had nothing to do with. #WalkingHusbands',b'Mbanacho254',['WalkingHusbands'],69
2020-06-27 09:38:18,"b'lets always be there for one another. In this marriage union, we need a lot of patience and unconditional loving. #WalkingHusbands https://t.co/OeZR8No9p7'",b'ondari10',['WalkingHusbands'],159
2020-06-27 09:38:05,b'When a walking husband catches up with you #WalkingHusbands https://t.co/9q7pAoaf2b',b'TunenKE',['WalkingHusbands'],100
2020-06-27 09:37:06,b'What are they fearing now and they are used to making losses? I think we should applaud them for improvement and consistency #WalkingHusbands  Kibaki https://t.co/IzOlFo59vG',b'nduuruwaithaka',['WalkingHusbands'],90
2020-06-27 09:36:45,"b'Am looking for a lady tired of fake relationships and ready to settle down,  nataka kumuuzia mawe za kujenga \xf0\x9f\x99\x84 #WalkingHusbands'",b'maxy_chris',['WalkingHusbands'],1780
2020-06-27 09:36:06,b'Any correlation between a #WalkingHusbands and a #CommunityHusband? https://t.co/0DUCUWbNbb',b'steveshakur',"['WalkingHusbands', 'CommunityHusband']",219
2020-06-27 09:34:52,"b""#WalkingHusbands are you running a small enterprise and you can't be able to pay a full time accountant?? I offer outsourced services below,kindly contact me at an affordable fee https://t.co/oaFojITIqM""",b'joanngengi',['WalkingHusbands'],120
2020-06-27 09:34:19,"b'Comment fupi fupi plz,,,nakaa husband from Heaven ama #WalkingHusbands  Cc @AnneWaiguru @silverIfedha https://t.co/MMzSsF5OsV'",b'HarlimSagwa',['WalkingHusbands'],1212
2020-06-27 09:34:03,"b""@mlesterh @Danteril I like your reasoning...  You are sober ! At least @governorkibwana has some tangible things he has tried to do, to improve people's lives eg Healthcare \xf0\x9f\x98\x91\xf0\x9f\x98\x91 #MasculinitySaturday #WalkingHusbands""",b'2015ArthurM',"['MasculinitySaturday', 'WalkingHusbands']",25189
2020-06-27 09:33:49,"b""Pierre Nkurunziza's wife never learnt the importance of wearing a mask and social distancing even after leaving ICU\xf0\x9f\x98\x82 Somebody want us to believe that everybody in Burindi is stupid and doesn't know anything about #Covid-19.  Kibaki #WalkingHusbands #SenateNiYaSweetie https://t.co/KpaAO6u7Af""",b'VicOchiel',"['Covid', 'WalkingHusbands', 'SenateNiYaSweetie']",245
2020-06-27 09:33:33,b'I want a bitch who gonna make me buy roses \xf0\x9f\x8c\xb9\xf0\x9f\xa5\x80 and set up reserved hotel rooms and tables\xf0\x9f\x8d\xbd\xf0\x9f\xa5\x82\xf0\x9f\x8d\xb7. You\xe2\x80\x99ll motherfuckers make me wanna do more of drugs \xf0\x9f\x9a\xae\xe2\x98\xba\xef\xb8\x8f. #WalkingHusbands',b'slimm_trippy',['WalkingHusbands'],3860
2020-06-27 09:32:44,"b""When finding a partner don't focus in finding the right one rather create the right relationship #WalkingHusbands""",b'Sober_yet_drunk',['WalkingHusbands'],1165
2020-06-27 09:31:24,"b""I don't see any problem here... What else would he do to reclaim his due? Let it go yet this is an investment or allow it to accrue to millions?   Kibaki #WalkingHusbands https://t.co/LyZbFtUarx""",b'nduuruwaithaka',['WalkingHusbands'],90
2020-06-27 09:30:54,b'Retweet  and Drop Your Handles We are Here To Follow You\xf0\x9f\x87\xb0\xf0\x9f\x87\xaa\xf0\x9f\x87\xb0\xf0\x9f\x87\xaa #WalkingHusbands',b'GainWithBill',['WalkingHusbands'],314
2020-06-27 09:30:52,b'OUR SERVICES \xe2\x9c\x94Company Registration \xe2\x9c\x94Change of BN to ltd \xe2\x9c\x94Change of Directors \xe2\x9c\x94AGPO &amp; CR12  \xe2\x9c\x94Annual Returns \xe2\x9c\x94Web &amp; Logo Design \xe2\x9c\x94Business Cards \xe2\x9c\x94Company Profiles \xe2\x9c\x94Seals &amp; Stamps  \xf0\x9f\x93\xb2\xf0\x9f\x93\xb2+254705370482 #WalkingHusbands #KibwanaRutoProject #MasculinitySaturday #MalalaDownFall https://t.co/1izTPfrWel',b'inforstat',"['WalkingHusbands', 'KibwanaRutoProject', 'MasculinitySaturday', 'MalalaDownFall']",2172
2020-06-27 09:30:14,"b'SAFEGUARD YOUR HOME ,BUSINESS AND OFFICE BY INSTALLING BULB CAMERA CCTv.. @2800  contact  0718356976  Kibaki #WalkingHusbands #SenateNiYaSweetie https://t.co/bHNcEuEcSN'",b'madiwa_s',"['WalkingHusbands', 'SenateNiYaSweetie']",2172
2020-06-27 09:28:48,"b'Because duvets and comforters can be expensive and difficult to clean, duvet covers are useful because they protect your comforter during use and are easily removed and easy to wash. Kibaki #WalkingHusbands #SenateNiYaSweetie #MalalaDownFall #TheCorruptLavingtonChurch Kenya Power https://t.co/iuTAy8tfQU'",b'MozaicStores',"['WalkingHusbands', 'SenateNiYaSweetie', 'MalalaDownFall', 'TheCorruptLavingtonChurch']",251
2020-06-27 09:28:25,b'You will never walk alone.. Champ2020 #WalkingHusbands https://t.co/Bv4gkRUPIp',b'Itsdankuria',['WalkingHusbands'],659
2020-06-27 09:28:19,"b'The Senate  6th June, 2020  RE: Waiguru Acquital   Hon Senator, You are warned, for your refusal to let her go may bring trouble not only on yourself but also all your companions. It never pays to resist those in authority.  Best Regards, D.M  #SenateNiYaSweetie #WalkingHusbands https://t.co/sJSg7CNJjQ'",b'plainwanjohi',"['SenateNiYaSweetie', 'WalkingHusbands']",63
2020-06-27 09:28:07,"b""nothing is fixed about you. Don't listen to others about who you are. you have the power to be whatever you choose.#WalkingHusbands #SenateNiYaSweetie #SaturdayMotivation #TeenRepublikNTV #SuperRugbyAotearoa""",b'TheNairobi1',"['WalkingHusbands', 'SenateNiYaSweetie', 'SaturdayMotivation', 'TeenRepublikNTV', 'SuperRugbyAotearoa']",193
2020-06-27 09:27:34,b'Kindly retweet my customer could be on your timeline.  Cotton duvet with one matching bedsheet and two pillow cases.  4by6 at 1900/- 5by6 at 2100/- 6by6 at 2200/- Contact us on 0721450065 We are at RNG Building first floor room F20 #SenateNiYaSweetie #WalkingHusbands Kibaki Raila https://t.co/3hiuXZvKrE',b'FashionPalace8',"['SenateNiYaSweetie', 'WalkingHusbands']",954
2020-06-27 09:27:04,"b""Ladies support your husband until he becomes what you want then walk with him proudly that's what we call wife material #WalkingHusbands""",b'Faazmohamz',['WalkingHusbands'],1481
2020-06-27 09:27:02,b'Ongoing Construction of Classrooms #ThikaTownNaJungle by #PremiumContainersLtd  Get your projects underway via 0720 347339 or  Email admin@premiumcontainers.co.ke  Kibaki State House #WalkingHusbands Raila https://t.co/LubcZJ1Lev',b'Benttrends',"['ThikaTownNaJungle', 'PremiumContainersLtd', 'WalkingHusbands']",12828
2020-06-27 09:26:47,"b""With Aworis raising 500+m to save a Wakungu basically means they'll just refund what was looted. Nothing extra... at this rate we need new laws to allow us mwanachi guillotine those who plunder our taxes at Uhuru Park. No exception! #WalukeSentencing #WalkingHusbands""",b'Mumbison1',"['WalukeSentencing', 'WalkingHusbands']",264
2020-06-27 09:24:58,"b'You know they care, from body language!   #WalkingHusbands https://t.co/Sswl9QvvlD'",b'fiefie_e',['WalkingHusbands'],3198
2020-06-27 09:24:58,"b'Core I3 Desktops 4GB ram, 3.0GHZ, 500 GB Hard disk, 17 inch monitor, keyboard, mouse, cables @13k  ..contact..0718356976  Kibaki Sancho #WalkingHusbands https://t.co/V7TNbPL4Lw'",b'madiwa_s',['WalkingHusbands'],2172
2020-06-27 09:24:03,b'nowadays having your own ride is the real deal Kibaki made the roads instances Thika superhighway Inbox or call me on 0770842306 for awesome car deals clean as new! #BBINonsense #SaturdayThoughts #WalkingHusbands #TheCorruptLavingtonChurch #SenateNiYaSweetie #MasculinitySaturday https://t.co/NFkOgsd5Gc',b'gracesepp1',"['BBINonsense', 'SaturdayThoughts', 'WalkingHusbands', 'TheCorruptLavingtonChurch', 'SenateNiYaSweetie', 'MasculinitySaturday']",16
2020-06-27 09:23:55,b'Lift up your spirits with some of the best Christian Rock songs Gikomba Kibaki #WalkingHusbands Raila State House Sancho #MalalaDownFall Nairobi Uhuru #KibwanaRutoProject williamruto #MasculinitySaturday #FreeTransactionsBana Waititu Ukambani Luhyas  https://t.co/hUHbDgRKbi',b'dukeofrongai',"['WalkingHusbands', 'MalalaDownFall', 'KibwanaRutoProject', 'MasculinitySaturday', 'FreeTransactionsBana']",149
2020-06-27 09:23:42,"b""A good Iron Board start with a sturdy board so it doesn't tip or collapse and it should be lightweight and adjustable so you can select the ironing height that is most comfortable. Kibaki Raila #WalkingHusbands #TheCorruptLavingtonChurch #MalalaDownFall Oparanya Bully Kisumu KPLC https://t.co/1BJ4br2xve""",b'EmojiNationKE',"['WalkingHusbands', 'TheCorruptLavingtonChurch', 'MalalaDownFall']",56
2020-06-27 09:22:31,b'#WalkingHusbands meet young and brilliant man from NANYUKI mwisho wa reli whose art speaks for itself but has not been able to reach the person behind this great art HON GIDEON MOI share and retweet this until it reaches H.E #SenateNiYaSweetie  #CorruptLavingtonChurch https://t.co/fESTOMMmhK',b'theegossipguru',"['WalkingHusbands', 'SenateNiYaSweetie', 'CorruptLavingtonChurch']",35
2020-06-27 09:22:15,"b""Most men are single, but they don't know it until they lose their jobs \xf0\x9f\x98\x8c\xf0\x9f\x98\x8c#WalkingHusbands""",b'sad_kenyan',['WalkingHusbands'],226
2020-06-27 09:21:58,"b""I went to check my side chick this morning. She had a rela so we sat in my car making romance. Hell broke loose when she jumped out holding my pants and disappeared to her house. I'm at my parking lot wondering how I'll get to the house and what tell my wife \xf0\x9f\x98\xa2 #WalkingHusbands""",b'GithuraisFinest',['WalkingHusbands'],43
2020-06-27 09:21:49,b'KENYAN RAP BATTLE COMMUNITY!!    BARS AND SHOWMANSHIP!!  WATCH THIS EPIC BATTLE HERE \xf0\x9f\x91\x87\xf0\x9f\x91\x87\xf0\x9f\x91\x87    QUARANTINE BATTLE 2. THE SECOND ISOLATION. CAFU da TRUTH VS OJIJI https://t.co/xkW0lbQOsY via @YouTube #hiphopgarage  #kibwanarutoproject #WalkingHusbands https://t.co/pvIyox7jZl',b'HipHopGarage254',"['hiphopgarage', 'kibwanarutoproject', 'WalkingHusbands']",311
2020-06-27 09:21:42,b'Some wives are too much \xf0\x9f\x98\x82\xf0\x9f\x98\x82\xf0\x9f\x98\x82!  #BBINonsense #Liverpoolchampions #COVID19 #SaturdayThoughts #BLACKPINKonFallon #WalkingHusbands #AllLivesMattter #SaturdayMorning https://t.co/MqqBQZxvsd',b'nexxiemusic',"['BBINonsense', 'Liverpoolchampions', 'COVID19', 'SaturdayThoughts', 'BLACKPINKonFallon', 'WalkingHusbands', 'AllLivesMattter', 'SaturdayMorning']",2483
2020-06-27 09:21:23,"b""The accident occurred on the pangani fly over bridge. The white car was overtaking and went headon with a motorbike guy. Rider and passenger badly https://t.co/TH5qSrWpRM This bridge is quite confusing most motorist thinks it's a one way #WalkingHusbands https://t.co/rMAc6Z8bLc""",b'CaptainOchenge',['WalkingHusbands'],402
2020-06-27 09:19:44,b'I follow back follow for follow \xf0\x9f\x94\xa5\xf0\x9f\x94\xa5\xf0\x9f\x94\xa5#FreeTransactionsBana  #MalalaDownFall gikomba #WalkingHusbands happy sabbath https://t.co/pRY874Jm9e',b'_its_marie',"['FreeTransactionsBana', 'MalalaDownFall', 'WalkingHusbands']",45
2020-06-27 09:18:25,b'#WalkingHusbands I loved someone but she let me go coz I fought for her no man gets married without meeting some few .if you know',b'LemayianLasiti',['WalkingHusbands'],37
2020-06-27 09:17:05,"b""... While over 200 78yr old guys stubbornly want to die in office   \xf0\x9f\x98\x82\xf0\x9f\x98\x82 The same guys are lecturing you about self-employment while they've used their connections to secure jobs for their kids  #Retweet #KibwanaRutoProject #MalalaDownFall #WalkingHusbands #TangaTangaTakaTaka""",b'kotdigital',"['Retweet', 'KibwanaRutoProject', 'MalalaDownFall', 'WalkingHusbands', 'TangaTangaTakaTaka']",3237
2020-06-27 09:16:40,"b""Men,   Still Want to know a good woman?  Observe her mother.  She is a direct reflection of her mother's behaviour towards her father. #MasculinitySaturday  #WalkingHusbands""",b'mr_rightKE',"['MasculinitySaturday', 'WalkingHusbands']",1094
2020-06-27 09:15:06,"b""'Grateful Thankful Blessed' tees - Available at Ksh1000. Call or WhatsApp  254 (0) 700 135552   https://t.co/8SQbZzgpJa  #WalkingHusbands #KibwanaRutoProject https://t.co/227KV4KHW3""",b'theurbanwear',"['WalkingHusbands', 'KibwanaRutoProject']",2391
2020-06-27 09:13:52,"b""Who's ready to become the queen  \xe2\x9d\xa4\xe2\x9d\xa4\xf0\x9f\x8e\xb6\xf0\x9f\x95\xaa\xf0\x9f\x95\xaa\xf0\x9f\x8e\x99\xe2\x9c\x8c\xf0\x9f\x92\x95 #WalkingHusbands""",b'petermswati',['WalkingHusbands'],982
2020-06-27 09:12:47,b'ITS ALL STARTS WITH #THEHATEYOUGIV follow  @Thehateyougiv  ifb immediately @Thehateyougiv  follow for follow back #thehateyougiv Quote Tweet #kibaki #WalkingHusbands #Railaodinga #TheCorruptLavingtonChurch #WhatTriggersKaren #sancho #TanzaniaUnforgettable #Spain #CorruptSenateKE https://t.co/15kiiNygIb',b'Thehateyougiv',"['THEHATEYOUGIV', 'thehateyougiv', 'kibaki', 'WalkingHusbands', 'Railaodinga', 'TheCorruptLavingtonChurch', 'WhatTriggersKaren', 'sancho', 'TanzaniaUnforgettable', 'Spain', 'CorruptSenateKE']",477
2020-06-27 09:12:15,"b""It's interesting how terms &amp; titles are made to mean in Kenya. If the #WalkingHusbands are the kinds of Kamotho Waiganjo, then we must have our moral values badly eroded!""",b'lexuskanyugi',['WalkingHusbands'],5224
2020-06-27 09:11:12,b'@martinMkimathi The battle is on vote!!! vote!! #TeenRepublikNTV  #WalkingHusbands https://t.co/5fL13BWehP',b'ntvteenrepublik',"['TeenRepublikNTV', 'WalkingHusbands']",15016
2020-06-27 09:10:35,"b""Such couples proves that there can be real husband's #WalkingHusbands https://t.co/LEno2p3rXN""",b'OmoshObamah',['WalkingHusbands'],3
2020-06-27 09:10:22,b'What is this about?  #WalkingHusbands',b'hametuku',['WalkingHusbands'],4619
2020-06-27 09:08:38,"b""And where are they . The only one I know who can't be scarce to women is the sugoi master\xf0\x9f\xa4\x97#WalkingHusbands""",b'OmoshObamah',['WalkingHusbands'],3
2020-06-27 09:05:02,b'Join our Zoom meeting NOW ON Topic: Cataract (Lens opacity) By Dr.Patrick Mayan (Ophthalmologist)* Meeting in progress  https://t.co/pxItYOdKWc \xc2\xa0Meeting ID: 962 1370 2943 Password: 547409 Regards #TheCorruptLavingtonChurch Kibaki State House #WalkingHusbands  #SenateNiYaSweetie',b'wakajuaness',"['TheCorruptLavingtonChurch', 'WalkingHusbands', 'SenateNiYaSweetie']",9928
2020-06-27 09:03:45,"b""My friends, even if you are the #WalkingHusbands, the best you can do is to keep walking. You'll get there...""",b'benjahteresa',['WalkingHusbands'],1273
2020-06-27 09:03:24,"b""If you want to be like them, then you have to be there for your partner and ladies lets all learn, be asking your man how is your hobby going, do things that he enjoys even if you don't. Be reminding him that you're committed to him  #WalkingHusbands  Kibakia Raila Gikomba https://t.co/fGNAt0thz1""",b'nzioki_caroline',['WalkingHusbands'],523
2020-06-27 09:03:18,b'When your joke bangs &amp; your waiting for your friends to settle down \xf0\x9f\xa4\xa3 #ShuduMustFall #LockdownHouseParty #WalkingHusbands https://t.co/iwW3x7mBqK',b'tigerhimself1',"['ShuduMustFall', 'LockdownHouseParty', 'WalkingHusbands']",11
2020-06-27 09:02:52,b'\xe2\x9c\x85Great leather upholstery fitted for your car  We can deliver and fit anywhere within Kenya   \xe2\x98\x8e\xef\xb8\x8f0724457647   #WalkingHusbands #TheCorruptLavingtonChurch Kibaki Kivutha Kibwana Gikomba State House Uhuru Kenyatta Corona Kenya https://t.co/Fu15XxFGug',b'billsamoferro',"['WalkingHusbands', 'TheCorruptLavingtonChurch']",401
2020-06-27 09:01:23,b'Woris this na? \xf0\x9f\x98\xb3#WalkingHusbands',b'sucameSunjeh',['WalkingHusbands'],1534
2020-06-27 09:00:22,b'#WalkingHusbands are you less than 10k followers retweet and like with your handles and we follow you #SenateNiYaSweetie  #TheCorruptLavingtonChurch  #gainwithstan',b'theegossipguru',"['WalkingHusbands', 'SenateNiYaSweetie', 'TheCorruptLavingtonChurch', 'gainwithstan']",35
2020-06-27 09:00:07,b'ELECROSTATICS 1 - Form 1 Physics Notes https://t.co/IO5AaNJVNf #WalkingHusbands https://t.co/SJmLnjmUco',b'easy_elimu',['WalkingHusbands'],978
2020-06-27 09:00:00,b'5GB storage 100GB Monthly Bandwidth Unlimited Email Accounts Free SSL Certificate All these at 600/= per year at Shujaa Host.  Learn more at https://t.co/ZkHuKuAAQm  #WalkingHusbands #TheCorruptLavingtonChurch Kibaki Kivutha Kibwana Gikomba State House https://t.co/1eJtpHYNOM',b'Shujaahost_ke',"['WalkingHusbands', 'TheCorruptLavingtonChurch']",442
2020-06-27 08:58:57,b'Mbona Wasafi Wanatoa Hits After Hits? What are Kenyan artists doing wrong? @diamondplatnumz @Rayvanny  #WalkingHusbands #KibwanaRutoProject #MalalaDownFall #MasculinitySaturday   https://t.co/7SswTkt54e',b'protij_manu',"['WalkingHusbands', 'KibwanaRutoProject', 'MalalaDownFall', 'MasculinitySaturday']",3056
2020-06-27 08:58:49,b'Better to begin with a walking husband and you fly together than to begin with a flying husband and end up walking both of you. Some women can make a walking husband fly while other can make a flying husband walk. #WalkingHusbands',b'benjahteresa',['WalkingHusbands'],1273
2020-06-27 08:57:48,"b'This writing is crystal clear, so ladies, single Mums, Sponsors, feminists etc, hurry up and grab your man before they last.  #WalkingHusbands  #SSOT https://t.co/RlpBjCZhar'",b'Thuch04',"['WalkingHusbands', 'SSOT']",160
2020-06-27 08:55:41,"b'If you know, YOU KNOW!   #WalkingHusbands https://t.co/EC4mNsxpD3'",b'Joekiash',['WalkingHusbands'],5822
2020-06-27 08:55:30,"b""If some employed guy lectures you about self-employment let them quit their job for you. Don't let someone lecture you about something they can't try. Old people should retire and go home.  #MalalaDownFall #TangaTangaTakaTaka #WalkingHusbands  #KibwanaRutoProject""",b'kotdigital',"['MalalaDownFall', 'TangaTangaTakaTaka', 'WalkingHusbands', 'KibwanaRutoProject']",3237
2020-06-27 08:54:53,"b'We are in a husler nation and so, majority of us are #WalkingHusbands'",b'benjahteresa',['WalkingHusbands'],1273
2020-06-27 08:53:45,b'I know you are in this streets. Please behave... My husband... Ata ka ulini unfollow\xf0\x9f\x98\x82 though am always serious. #WalkingHusbands',b'kinoguofficial',['WalkingHusbands'],3023
2020-06-27 08:53:36,"b'Never ignore a person who loves and cares for you, because one day you may realize that you\xe2\x80\x99ve lost the moon while counting the stars. #WalkingHusbands  #SenateNiYaSweetie  #lavingtonchurchscam  #SaturdayThoughts'",b'SamburuGuru',"['WalkingHusbands', 'SenateNiYaSweetie', 'lavingtonchurchscam', 'SaturdayThoughts']",14955
2020-06-27 08:51:44,"b'In a world that thrives on hate, disapproval, envy, jealousy &amp; putting others down, you can choose to be honest, authentic &amp; optimistic #WalkingHusbands #KibwanaRutoProject #SaturdayThoughts #Liverpoolchampions #MalalaDownFall https://t.co/5eWoAnuhzp'",b'njoki_munyi',"['WalkingHusbands', 'KibwanaRutoProject', 'SaturdayThoughts', 'Liverpoolchampions', 'MalalaDownFall']",919
